Device_id,Model ID,Task ID,Stream ID,Op Name,OP Type,OP State,Task Type,Task Start Time(us),Task Duration(us),Task Wait Time(us),Block Dim,Mix Block Dim,HF32 Eligible,Input Shapes,Input Data Types,Input Formats,Output Shapes,Output Data Types,Output Formats,Context ID,aicore_time(us),aic_total_cycles,aic_mac_time(us),aic_mac_ratio,aic_scalar_time(us),aic_scalar_ratio,aic_mte1_time(us),aic_mte1_ratio,aic_mte2_time(us),aic_mte2_ratio,aic_fixpipe_time(us),aic_fixpipe_ratio,aic_icache_miss_rate,aiv_time(us),aiv_total_cycles,aiv_vec_time(us),aiv_vec_ratio,aiv_scalar_time(us),aiv_scalar_ratio,aiv_mte2_time(us),aiv_mte2_ratio,aiv_mte3_time(us),aiv_mte3_ratio,aiv_icache_miss_rate,cube_utilization(%)
0,4294967295,0,2,NotEqual,NotEqual,dynamic,AI_VECTOR_CORE,1762194390930570.288	,4.700,0,1,0,NO,"""1023;1023""",FLOAT16;FLOAT16,ND;ND,"""1023""",BOOL,ND,N/A,0.0,0,0.0,0.0,0.0,0.0,0.0,0.0,0.0,0.0,0.0,0.0,0.0,4.164,6871,0.105,0.025,0.911,0.219,1.248,0.3,0.472,0.113,0.161,0.000
0,4294967295,1,2,NotEqual,NotEqual,dynamic,AI_VECTOR_CORE,1762194390933516.408	,4.180,2941.550000,1,0,NO,"""1023;1023""",FLOAT;FLOAT,ND;ND,"""1023""",BOOL,ND,N/A,0.0,0,0.0,0.0,0.0,0.0,0.0,0.0,0.0,0.0,0.0,0.0,0.0,3.619,5972,0.313,0.086,0.636,0.176,0.981,0.271,0.384,0.106,0.048,0.000
0,4294967295,2,2,NotEqual,NotEqual,dynamic,AI_VECTOR_CORE,1762194390935755.388	,2.000,2234.820000,1,0,NO,"""1023;1023""",INT32;INT32,ND;ND,"""1023""",BOOL,ND,N/A,0.0,0,0.0,0.0,0.0,0.0,0.0,0.0,0.0,0.0,0.0,0.0,0.0,1.436,2370,0.081,0.057,0.415,0.289,0.322,0.224,0.21,0.146,0.167,0.000
0,4294967295,3,2,NotEqual,NotEqual,dynamic,AI_VECTOR_CORE,1762194390937996.288	,3.920,2238.750000,1,0,NO,"""1023;1023""",INT8;INT8,ND;ND,"""1023""",BOOL,ND,N/A,0.0,0,0.0,0.0,0.0,0.0,0.0,0.0,0.0,0.0,0.0,0.0,0.0,3.462,5713,0.165,0.048,0.555,0.16,0.881,0.254,0.385,0.111,0.179,0.000
0,4294967295,4,2,NotEqual,NotEqual,dynamic,AI_VECTOR_CORE,1762194390940196.888	,1.900,2196.830000,1,0,NO,"""1023;1023""",UINT8;UINT8,ND;ND,"""1023""",BOOL,ND,N/A,0.0,0,0.0,0.0,0.0,0.0,0.0,0.0,0.0,0.0,0.0,0.0,0.0,1.445,2384,0.165,0.114,0.401,0.278,0.277,0.192,0.208,0.144,0.179,0.000
0,4294967295,5,2,NotEqual,NotEqual,dynamic,AI_VECTOR_CORE,1762194390942391.128	,3.680,2192.350000,1,0,NO,"""1023;1023""",BOOL;BOOL,ND;ND,"""1023""",BOOL,ND,N/A,0.0,0,0.0,0.0,0.0,0.0,0.0,0.0,0.0,0.0,0.0,0.0,0.0,3.205,5289,0.165,0.051,0.539,0.168,0.782,0.244,0.373,0.116,0.179,0.000
0,4294967295,6,2,NotEqual,NotEqual,dynamic,AI_VECTOR_CORE,1762194390944551.228	,2.140,2156.320000,1,0,NO,"""1023;1023""",DT_BF16;DT_BF16,ND;ND,"""1023""",BOOL,ND,N/A,0.0,0,0.0,0.0,0.0,0.0,0.0,0.0,0.0,0.0,0.0,0.0,0.0,1.658,2735,0.361,0.218,0.465,0.28,0.29,0.175,0.205,0.124,0.073,0.000
0,4294967295,7,2,NotEqual,NotEqual,dynamic,AI_VECTOR_CORE,1762194390946706.568	,3.760,2153.110000,1,0,NO,"""1024;1024""",FLOAT16;FLOAT16,ND;ND,"""1024""",BOOL,ND,N/A,0.0,0,0.0,0.0,0.0,0.0,0.0,0.0,0.0,0.0,0.0,0.0,0.0,3.236,5339,0.091,0.028,0.593,0.183,0.889,0.275,0.305,0.094,0.161,0.000
0,4294967295,8,2,NotEqual,NotEqual,dynamic,AI_VECTOR_CORE,1762194390948865.168	,2.220,2154.990000,1,0,NO,"""1024;1024""",FLOAT;FLOAT,ND;ND,"""1024""",BOOL,ND,N/A,0.0,0,0.0,0.0,0.0,0.0,0.0,0.0,0.0,0.0,0.0,0.0,0.0,1.681,2773,0.286,0.17,0.457,0.272,0.436,0.26,0.132,0.078,0.18,0.000
0,4294967295,9,2,NotEqual,NotEqual,dynamic,AI_VECTOR_CORE,1762194390951008.068	,4.120,2140.530000,1,0,NO,"""1024;1024""",INT32;INT32,ND;ND,"""1024""",BOOL,ND,N/A,0.0,0,0.0,0.0,0.0,0.0,0.0,0.0,0.0,0.0,0.0,0.0,0.0,3.559,5872,0.074,0.021,0.605,0.17,1.153,0.324,0.318,0.089,0.167,0.000
0,4294967295,10,2,NotEqual,NotEqual,dynamic,AI_VECTOR_CORE,1762194390953105.148	,2.100,2093.130000,1,0,NO,"""1024;1024""",INT8;INT8,ND;ND,"""1024""",BOOL,ND,N/A,0.0,0,0.0,0.0,0.0,0.0,0.0,0.0,0.0,0.0,0.0,0.0,0.0,1.544,2548,0.136,0.088,0.427,0.277,0.437,0.283,0.136,0.088,0.179,0.000
0,4294967295,11,2,NotEqual,NotEqual,dynamic,AI_VECTOR_CORE,1762194390955249.688	,3.780,2142.400000,1,0,NO,"""1024;1024""",UINT8;UINT8,ND;ND,"""1024""",BOOL,ND,N/A,0.0,0,0.0,0.0,0.0,0.0,0.0,0.0,0.0,0.0,0.0,0.0,0.0,3.262,5383,0.136,0.042,0.598,0.183,0.813,0.249,0.319,0.098,0.179,0.000
0,4294967295,12,2,NotEqual,NotEqual,dynamic,AI_VECTOR_CORE,1762194390957383.888	,2.000,2130.470000,1,0,NO,"""1024;1024""",BOOL;BOOL,ND;ND,"""1024""",BOOL,ND,N/A,0.0,0,0.0,0.0,0.0,0.0,0.0,0.0,0.0,0.0,0.0,0.0,0.0,1.488,2455,0.136,0.091,0.566,0.38,0.237,0.159,0.13,0.088,0.179,0.000
0,4294967295,13,2,NotEqual,NotEqual,dynamic,AI_VECTOR_CORE,1762194390959527.348	,4.060,2141.250000,1,0,NO,"""1024;1024""",DT_BF16;DT_BF16,ND;ND,"""1024""",BOOL,ND,N/A,0.0,0,0.0,0.0,0.0,0.0,0.0,0.0,0.0,0.0,0.0,0.0,0.0,3.524,5814,0.327,0.093,0.622,0.177,0.927,0.263,0.303,0.086,0.172,0.000
0,4294967295,14,2,NotEqual,NotEqual,dynamic,AI_VECTOR_CORE,1762194390962365.928	,9.140,2834.690000,40,0,NO,"""131072;131072""",FLOAT16;FLOAT16,ND;ND,"""131072""",BOOL,ND,N/A,0.0,0,0.0,0.0,0.0,0.0,0.0,0.0,0.0,0.0,0.0,0.0,0.0,6.167,407005,0.159,0.026,0.441,0.072,2.393,0.388,0.716,0.116,0.215,0.000
0,4294967295,15,2,NotEqual,NotEqual,dynamic,AI_VECTOR_CORE,1762194390966642.708	,10.580,4267.610000,40,0,NO,"""131072;131072""",FLOAT;FLOAT,ND;ND,"""131072""",BOOL,ND,N/A,0.0,0,0.0,0.0,0.0,0.0,0.0,0.0,0.0,0.0,0.0,0.0,0.0,7.562,499087,0.82,0.109,0.374,0.049,3.302,0.437,0.427,0.057,0.051,0.000
0,4294967295,16,2,NotEqual,NotEqual,dynamic,AI_VECTOR_CORE,1762194390970274.988	,9.840,3621.670000,40,0,NO,"""131072;131072""",INT32;INT32,ND;ND,"""131072""",BOOL,ND,N/A,0.0,0,0.0,0.0,0.0,0.0,0.0,0.0,0.0,0.0,0.0,0.0,0.0,6.654,439132,0.124,0.019,0.159,0.024,2.491,0.374,0.511,0.077,0.232,0.000
0,4294967295,17,2,NotEqual,NotEqual,dynamic,AI_VECTOR_CORE,1762194390972898.768	,7.800,2613.910000,40,0,NO,"""131072;131072""",INT8;INT8,ND;ND,"""131072""",BOOL,ND,N/A,0.0,0,0.0,0.0,0.0,0.0,0.0,0.0,0.0,0.0,0.0,0.0,0.0,5.082,335415,0.25,0.049,0.143,0.028,1.524,0.3,0.819,0.161,0.191,0.000
0,4294967295,18,2,NotEqual,NotEqual,dynamic,AI_VECTOR_CORE,1762194390975559.108	,7.540,2652.450000,40,0,NO,"""131072;131072""",UINT8;UINT8,ND;ND,"""131072""",BOOL,ND,N/A,0.0,0,0.0,0.0,0.0,0.0,0.0,0.0,0.0,0.0,0.0,0.0,0.0,4.665,307912,0.25,0.054,0.145,0.031,1.007,0.216,0.411,0.088,0.195,0.000
0,4294967295,19,2,NotEqual,NotEqual,dynamic,AI_VECTOR_CORE,1762194390978213.428	,7.280,2646.960000,40,0,NO,"""131072;131072""",BOOL;BOOL,ND;ND,"""131072""",BOOL,ND,N/A,0.0,0,0.0,0.0,0.0,0.0,0.0,0.0,0.0,0.0,0.0,0.0,0.0,4.72,311549,0.25,0.053,0.144,0.031,0.964,0.204,0.595,0.126,0.193,0.000
0,4294967295,20,2,NotEqual,NotEqual,dynamic,AI_VECTOR_CORE,1762194390981234.528	,10.860,3013.720000,40,0,NO,"""131072;131072""",DT_BF16;DT_BF16,ND;ND,"""131072""",BOOL,ND,N/A,0.0,0,0.0,0.0,0.0,0.0,0.0,0.0,0.0,0.0,0.0,0.0,0.0,7.25,478491,0.915,0.126,0.385,0.053,1.779,0.245,0.574,0.079,0.05,0.000
0,4294967295,21,2,NotEqual,NotEqual,dynamic,AI_VECTOR_CORE,1762194390987953.688	,15.000,6708.390000,40,0,NO,"""1000,999;1000,999""",FLOAT16;FLOAT16,ND;ND,"""1000,999""",BOOL,ND,N/A,0.0,0,0.0,0.0,0.0,0.0,0.0,0.0,0.0,0.0,0.0,0.0,0.0,12.656,835263,0.836,0.066,0.205,0.016,7.105,0.561,6.076,0.48,0.159,0.000
0,4294967295,22,2,NotEqual,NotEqual,dynamic,AI_VECTOR_CORE,1762194390999522.008	,28.540,11553.250000,40,0,NO,"""1000,999;1000,999""",FLOAT;FLOAT,ND;ND,"""1000,999""",BOOL,ND,N/A,0.0,0,0.0,0.0,0.0,0.0,0.0,0.0,0.0,0.0,0.0,0.0,0.0,25.273,1667998,6.053,0.24,7.608,0.301,13.92,0.551,3.325,0.132,0.014,0.000
0,4294967295,23,2,NotEqual,NotEqual,dynamic,AI_VECTOR_CORE,1762194391010267.188	,18.960,10716.710000,40,0,NO,"""1000,999;1000,999""",INT32;INT32,ND;ND,"""1000,999""",BOOL,ND,N/A,0.0,0,0.0,0.0,0.0,0.0,0.0,0.0,0.0,0.0,0.0,0.0,0.0,16.418,1083613,0.935,0.057,0.354,0.022,11.941,0.727,3.283,0.2,0.177,0.000
0,4294967295,24,2,NotEqual,NotEqual,dynamic,AI_VECTOR_CORE,1762194391016795.248	,14.240,6509.040000,40,0,NO,"""1000,999;1000,999""",INT8;INT8,ND;ND,"""1000,999""",BOOL,ND,N/A,0.0,0,0.0,0.0,0.0,0.0,0.0,0.0,0.0,0.0,0.0,0.0,0.0,10.095,666301,1.393,0.138,0.158,0.016,5.272,0.522,2.077,0.206,0.197,0.000
0,4294967295,25,2,NotEqual,NotEqual,dynamic,AI_VECTOR_CORE,1762194391022882.028	,12.680,6072.510000,40,0,NO,"""1000,999;1000,999""",UINT8;UINT8,ND;ND,"""1000,999""",BOOL,ND,N/A,0.0,0,0.0,0.0,0.0,0.0,0.0,0.0,0.0,0.0,0.0,0.0,0.0,9.262,611300,1.393,0.15,0.157,0.017,5.288,0.571,0.518,0.056,0.196,0.000
0,4294967295,26,2,NotEqual,NotEqual,dynamic,AI_VECTOR_CORE,1762194391028754.268	,10.260,5859.570000,40,0,NO,"""1000,999;1000,999""",BOOL;BOOL,ND;ND,"""1000,999""",BOOL,ND,N/A,0.0,0,0.0,0.0,0.0,0.0,0.0,0.0,0.0,0.0,0.0,0.0,0.0,8.241,543931,1.393,0.169,0.156,0.019,4.078,0.495,0.699,0.085,0.2,0.000
0,4294967295,27,2,NotEqual,NotEqual,dynamic,AI_VECTOR_CORE,1762194391036319.308	,22.840,7554.740000,40,0,NO,"""1000,999;1000,999""",DT_BF16;DT_BF16,ND;ND,"""1000,999""",BOOL,ND,N/A,0.0,0,0.0,0.0,0.0,0.0,0.0,0.0,0.0,0.0,0.0,0.0,0.0,19.386,1279508,6.774,0.349,2.937,0.151,7.81,0.403,2.829,0.146,0.014,0.000
0,4294967295,28,2,NotEqual,NotEqual,dynamic,AI_VECTOR_CORE,1762194391042804.488	,1.400,6462.410000,1,0,NO,""";""",FLOAT16;FLOAT16,ND;ND,"""""",BOOL,ND,N/A,0.0,0,0.0,0.0,0.0,0.0,0.0,0.0,0.0,0.0,0.0,0.0,0.0,0.891,1470,0.095,0.106,0.238,0.267,0.213,0.239,0.128,0.144,0.172,0.000
0,4294967295,29,2,NotEqual,NotEqual,dynamic,AI_VECTOR_CORE,1762194391045048.368	,1.820,2242.350000,1,0,NO,""";""",FLOAT;FLOAT,ND;ND,"""""",BOOL,ND,N/A,0.0,0,0.0,0.0,0.0,0.0,0.0,0.0,0.0,0.0,0.0,0.0,0.0,1.265,2088,0.085,0.067,0.242,0.192,0.432,0.341,0.324,0.256,0.2,0.000
0,4294967295,30,2,NotEqual,NotEqual,dynamic,AI_VECTOR_CORE,1762194391047231.848	,1.440,2181.680000,1,0,NO,""";""",INT32;INT32,ND;ND,"""""",BOOL,ND,N/A,0.0,0,0.0,0.0,0.0,0.0,0.0,0.0,0.0,0.0,0.0,0.0,0.0,0.895,1477,0.08,0.089,0.252,0.282,0.212,0.236,0.139,0.155,0.167,0.000
0,4294967295,31,2,NotEqual,NotEqual,dynamic,AI_VECTOR_CORE,1762194391049457.668	,1.940,2224.560000,1,0,NO,""";""",INT8;INT8,ND;ND,"""""",BOOL,ND,N/A,0.0,0,0.0,0.0,0.0,0.0,0.0,0.0,0.0,0.0,0.0,0.0,0.0,1.376,2271,0.133,0.097,0.26,0.189,0.435,0.316,0.336,0.244,0.2,0.000
0,4294967295,32,2,NotEqual,NotEqual,dynamic,AI_VECTOR_CORE,1762194391051694.008	,1.660,2234.310000,1,0,NO,""";""",UINT8;UINT8,ND;ND,"""""",BOOL,ND,N/A,0.0,0,0.0,0.0,0.0,0.0,0.0,0.0,0.0,0.0,0.0,0.0,0.0,1.095,1807,0.133,0.122,0.25,0.228,0.225,0.205,0.142,0.13,0.2,0.000
0,4294967295,33,2,NotEqual,NotEqual,dynamic,AI_VECTOR_CORE,1762194391053882.768	,2.000,2187.090000,1,0,NO,""";""",BOOL;BOOL,ND;ND,"""""",BOOL,ND,N/A,0.0,0,0.0,0.0,0.0,0.0,0.0,0.0,0.0,0.0,0.0,0.0,0.0,1.508,2489,0.133,0.088,0.234,0.155,0.587,0.389,0.314,0.208,0.2,0.000
0,4294967295,34,2,NotEqual,NotEqual,dynamic,AI_VECTOR_CORE,1762194391056087.308	,1.420,2202.500000,1,0,NO,""";""",DT_BF16;DT_BF16,ND;ND,"""""",BOOL,ND,N/A,0.0,0,0.0,0.0,0.0,0.0,0.0,0.0,0.0,0.0,0.0,0.0,0.0,0.924,1524,0.113,0.122,0.235,0.254,0.222,0.24,0.127,0.138,0.185,0.000
0,4294967295,35,2,NotEqual,NotEqual,dynamic,AI_VECTOR_CORE,1762194391062315.988	,11.920,6227.330000,40,0,NO,"""1048576;1048576""",FLOAT16;FLOAT16,ND;ND,"""1048576""",BOOL,ND,N/A,0.0,0,0.0,0.0,0.0,0.0,0.0,0.0,0.0,0.0,0.0,0.0,0.0,10.164,670833,0.882,0.087,0.21,0.021,6.787,0.668,2.384,0.235,0.158,0.000
0,4294967295,36,2,NotEqual,NotEqual,dynamic,AI_VECTOR_CORE,1762194391073719.588	,23.200,11391.580000,40,0,NO,"""1048576;1048576""",FLOAT;FLOAT,ND;ND,"""1048576""",BOOL,ND,N/A,0.0,0,0.0,0.0,0.0,0.0,0.0,0.0,0.0,0.0,0.0,0.0,0.0,19.667,1298003,6.369,0.324,2.949,0.15,10.714,0.545,2.182,0.111,0.009,0.000
0,4294967295,37,2,NotEqual,NotEqual,dynamic,AI_VECTOR_CORE,1762194391081882.728	,25.020,8140.050000,40,0,NO,"""1048576;1048576""",DT_BF16;DT_BF16,ND;ND,"""1048576""",BOOL,ND,N/A,0.0,0,0.0,0.0,0.0,0.0,0.0,0.0,0.0,0.0,0.0,0.0,0.0,22.702,1498303,7.121,0.314,5.329,0.235,9.516,0.419,3.102,0.137,0.008,0.000
0,4294967295,38,2,NotEqual,NotEqual,dynamic,AI_VECTOR_CORE,1762194391092928.408	,18.320,11020.730000,40,0,NO,"""1048576;1048576""",INT32;INT32,ND;ND,"""1048576""",BOOL,ND,N/A,0.0,0,0.0,0.0,0.0,0.0,0.0,0.0,0.0,0.0,0.0,0.0,0.0,16.27,1073830,0.988,0.061,0.241,0.015,11.715,0.72,3.366,0.207,0.175,0.000
0,4294967295,39,2,NotEqual,NotEqual,dynamic,AI_VECTOR_CORE,1762194391099072.448	,9.780,6125.680000,40,0,NO,"""1048576;1048576""",INT8;INT8,ND;ND,"""1048576""",BOOL,ND,N/A,0.0,0,0.0,0.0,0.0,0.0,0.0,0.0,0.0,0.0,0.0,0.0,0.0,7.503,495195,1.449,0.193,0.158,0.021,3.387,0.451,1.145,0.153,0.197,0.000
0,4294967295,40,2,NotEqual,NotEqual,dynamic,AI_VECTOR_CORE,1762194391105089.088	,10.720,6006.720000,40,0,NO,"""1048576;1048576""",UINT8;UINT8,ND;ND,"""1048576""",BOOL,ND,N/A,0.0,0,0.0,0.0,0.0,0.0,0.0,0.0,0.0,0.0,0.0,0.0,0.0,8.335,550114,1.449,0.174,0.159,0.019,3.846,0.461,1.204,0.144,0.198,0.000
0,4294967295,41,2,NotEqual,NotEqual,dynamic,AI_VECTOR_CORE,1762194391111165.428	,10.620,6065.780000,40,0,NO,"""1048576;1048576""",BOOL;BOOL,ND;ND,"""1048576""",BOOL,ND,N/A,0.0,0,0.0,0.0,0.0,0.0,0.0,0.0,0.0,0.0,0.0,0.0,0.0,8.429,556330,1.449,0.172,0.155,0.018,3.844,0.456,1.173,0.139,0.199,0.000
0,4294967295,42,2,NotEqual,NotEqual,dynamic,AI_VECTOR_CORE,1762194391117337.888	,12.400,6161.880000,40,0,NO,"""1048576;1048576""",FLOAT16;FLOAT16,ND;ND,"""1048576""",BOOL,ND,N/A,0.0,0,0.0,0.0,0.0,0.0,0.0,0.0,0.0,0.0,0.0,0.0,0.0,10.908,719936,0.882,0.081,0.203,0.019,7.798,0.715,2.65,0.243,0.154,0.000
0,4294967295,43,2,NotEqual,NotEqual,dynamic,AI_VECTOR_CORE,1762194391127136.488	,19.240,9786.100000,40,0,NO,"""1048576;1048576""",FLOAT;FLOAT,ND;ND,"""1048576""",BOOL,ND,N/A,0.0,0,0.0,0.0,0.0,0.0,0.0,0.0,0.0,0.0,0.0,0.0,0.0,17.626,1163331,6.369,0.361,3.216,0.182,9.74,0.553,1.408,0.08,0.006,0.000
0,4294967295,44,2,NotEqual,NotEqual,dynamic,AI_VECTOR_CORE,1762194391136562.028	,19.180,9406.260000,40,0,NO,"""1048576;1048576""",INT32;INT32,ND;ND,"""1048576""",BOOL,ND,N/A,0.0,0,0.0,0.0,0.0,0.0,0.0,0.0,0.0,0.0,0.0,0.0,0.0,17.319,1143050,0.988,0.057,0.246,0.014,13.138,0.759,3.654,0.211,0.133,0.000
0,4294967295,45,2,NotEqual,NotEqual,dynamic,AI_VECTOR_CORE,1762194391141417.128	,9.840,4836.070000,40,0,NO,"""1048576;1048576""",INT8;INT8,ND;ND,"""1048576""",BOOL,ND,N/A,0.0,0,0.0,0.0,0.0,0.0,0.0,0.0,0.0,0.0,0.0,0.0,0.0,8.203,541385,1.449,0.177,0.158,0.019,4.473,0.545,1.366,0.167,0.195,0.000
0,4294967295,46,2,NotEqual,NotEqual,dynamic,AI_VECTOR_CORE,1762194391145806.428	,10.480,4379.410000,40,0,NO,"""1048576;1048576""",UINT8;UINT8,ND;ND,"""1048576""",BOOL,ND,N/A,0.0,0,0.0,0.0,0.0,0.0,0.0,0.0,0.0,0.0,0.0,0.0,0.0,8.692,573664,1.449,0.167,0.155,0.018,4.487,0.516,1.558,0.179,0.196,0.000
0,4294967295,47,2,NotEqual,NotEqual,dynamic,AI_VECTOR_CORE,1762194391148039.548	,1.760,2222.520000,1,0,NO,"""1024;1024""",FLOAT16;FLOAT16,ND;ND,"""1024""",BOOL,ND,N/A,0.0,0,0.0,0.0,0.0,0.0,0.0,0.0,0.0,0.0,0.0,0.0,0.0,1.215,2005,0.091,0.075,0.25,0.206,0.452,0.372,0.315,0.259,0.161,0.000
0,4294967295,48,2,NotEqual,NotEqual,dynamic,AI_VECTOR_CORE,1762194391148880.948	,1.760,839.740000,1,0,NO,"""1024;1024""",FLOAT;FLOAT,ND;ND,"""1024""",BOOL,ND,N/A,0.0,0,0.0,0.0,0.0,0.0,0.0,0.0,0.0,0.0,0.0,0.0,0.0,1.225,2022,0.286,0.233,0.278,0.227,0.439,0.359,0.132,0.107,0.18,0.000
0,4294967295,49,2,NotEqual,NotEqual,dynamic,AI_VECTOR_CORE,1762194391149701.628	,1.920,818.990000,1,0,NO,"""1024;1024""",INT32;INT32,ND;ND,"""1024""",BOOL,ND,N/A,0.0,0,0.0,0.0,0.0,0.0,0.0,0.0,0.0,0.0,0.0,0.0,0.0,1.379,2276,0.074,0.054,0.261,0.189,0.612,0.444,0.321,0.233,0.167,0.000
0,4294967295,50,2,NotEqual,NotEqual,dynamic,AI_VECTOR_CORE,1762194391150530.088	,1.440,826.330000,1,0,NO,"""1024;1024""",INT8;INT8,ND;ND,"""1024""",BOOL,ND,N/A,0.0,0,0.0,0.0,0.0,0.0,0.0,0.0,0.0,0.0,0.0,0.0,0.0,0.896,1478,0.136,0.152,0.243,0.271,0.271,0.302,0.136,0.152,0.179,0.000
0,4294967295,51,2,NotEqual,NotEqual,dynamic,AI_VECTOR_CORE,1762194391151343.308	,2.060,811.810000,1,0,NO,"""1024;1024""",UINT8;UINT8,ND;ND,"""1024""",BOOL,ND,N/A,0.0,0,0.0,0.0,0.0,0.0,0.0,0.0,0.0,0.0,0.0,0.0,0.0,1.49,2458,0.136,0.091,0.249,0.167,0.467,0.313,0.519,0.349,0.179,0.000
0,4294967295,52,2,NotEqual,NotEqual,dynamic,AI_VECTOR_CORE,1762194391152155.368	,1.520,809.940000,1,0,NO,"""1024;1024""",BOOL;BOOL,ND;ND,"""1024""",BOOL,ND,N/A,0.0,0,0.0,0.0,0.0,0.0,0.0,0.0,0.0,0.0,0.0,0.0,0.0,0.956,1578,0.136,0.142,0.247,0.259,0.299,0.312,0.14,0.146,0.179,0.000
0,4294967295,53,2,NotEqual,NotEqual,dynamic,AI_VECTOR_CORE,1762194391152952.468	,2.240,795.730000,1,0,NO,"""1024;1024""",DT_BF16;DT_BF16,ND;ND,"""1024""",BOOL,ND,N/A,0.0,0,0.0,0.0,0.0,0.0,0.0,0.0,0.0,0.0,0.0,0.0,0.0,1.655,2731,0.327,0.198,0.301,0.182,0.6,0.363,0.338,0.204,0.172,0.000
0,4294967295,54,2,NotEqual,NotEqual,dynamic,AI_VECTOR_CORE,1762194391155482.248	,1.760,2527.510000,1,0,NO,"""2048;2048""",FLOAT16;FLOAT16,ND;ND,"""2048""",BOOL,ND,N/A,0.0,0,0.0,0.0,0.0,0.0,0.0,0.0,0.0,0.0,0.0,0.0,0.0,1.167,1926,0.12,0.103,0.267,0.228,0.428,0.367,0.15,0.129,0.161,0.000
0,4294967295,55,2,NotEqual,NotEqual,dynamic,AI_VECTOR_CORE,1762194391157771.088	,2.660,2286.990000,1,0,NO,"""2048;2048""",FLOAT;FLOAT,ND;ND,"""2048""",BOOL,ND,N/A,0.0,0,0.0,0.0,0.0,0.0,0.0,0.0,0.0,0.0,0.0,0.0,0.0,2.059,3397,0.522,0.254,0.367,0.178,0.775,0.376,0.268,0.13,0.038,0.000
0,4294967295,56,2,NotEqual,NotEqual,dynamic,AI_VECTOR_CORE,1762194391159990.168	,1.680,2216.590000,1,0,NO,"""2048;2048""",INT32;INT32,ND;ND,"""2048""",BOOL,ND,N/A,0.0,0,0.0,0.0,0.0,0.0,0.0,0.0,0.0,0.0,0.0,0.0,0.0,1.116,1842,0.095,0.085,0.269,0.241,0.424,0.379,0.113,0.101,0.167,0.000
0,4294967295,57,2,NotEqual,NotEqual,dynamic,AI_VECTOR_CORE,1762194391162218.668	,1.800,2226.820000,1,0,NO,"""2048;2048""",INT8;INT8,ND;ND,"""2048""",BOOL,ND,N/A,0.0,0,0.0,0.0,0.0,0.0,0.0,0.0,0.0,0.0,0.0,0.0,0.0,1.325,2186,0.182,0.138,0.212,0.16,0.425,0.321,0.279,0.211,0.179,0.000
0,4294967295,58,2,NotEqual,NotEqual,dynamic,AI_VECTOR_CORE,1762194391164445.568	,1.620,2224.950000,1,0,NO,"""2048;2048""",UINT8;UINT8,ND;ND,"""2048""",BOOL,ND,N/A,0.0,0,0.0,0.0,0.0,0.0,0.0,0.0,0.0,0.0,0.0,0.0,0.0,1.15,1898,0.182,0.159,0.212,0.184,0.392,0.34,0.113,0.098,0.179,0.000
0,4294967295,59,2,NotEqual,NotEqual,dynamic,AI_VECTOR_CORE,1762194391166612.668	,1.800,2165.630000,1,0,NO,"""2048;2048""",BOOL;BOOL,ND;ND,"""2048""",BOOL,ND,N/A,0.0,0,0.0,0.0,0.0,0.0,0.0,0.0,0.0,0.0,0.0,0.0,0.0,1.301,2147,0.182,0.14,0.209,0.161,0.407,0.313,0.266,0.204,0.179,0.000
0,4294967295,60,2,NotEqual,NotEqual,dynamic,AI_VECTOR_CORE,1762194391168772.048	,2.320,2157.450000,1,0,NO,"""2048;2048""",DT_BF16;DT_BF16,ND;ND,"""2048""",BOOL,ND,N/A,0.0,0,0.0,0.0,0.0,0.0,0.0,0.0,0.0,0.0,0.0,0.0,0.0,1.823,3008,0.593,0.325,0.552,0.303,0.466,0.256,0.112,0.062,0.028,0.000
0,4294967295,61,2,NotEqual,NotEqual,dynamic,AI_VECTOR_CORE,1762194391171028.808	,2.200,2254.430000,2,0,NO,"""4096;4096""",FLOAT16;FLOAT16,ND;ND,"""4096""",BOOL,ND,N/A,0.0,0,0.0,0.0,0.0,0.0,0.0,0.0,0.0,0.0,0.0,0.0,0.0,1.662,5486,0.12,0.072,0.186,0.112,0.7,0.421,0.231,0.139,0.178,0.000
0,4294967295,62,2,NotEqual,NotEqual,dynamic,AI_VECTOR_CORE,1762194391173262.428	,2.340,2231.550000,4,0,NO,"""4096;4096""",FLOAT;FLOAT,ND;ND,"""4096""",BOOL,ND,N/A,0.0,0,0.0,0.0,0.0,0.0,0.0,0.0,0.0,0.0,0.0,0.0,0.0,1.743,11506,0.291,0.167,0.197,0.113,0.697,0.4,0.159,0.091,0.191,0.000
0,4294967295,63,2,NotEqual,NotEqual,dynamic,AI_VECTOR_CORE,1762194391175511.448	,2.540,2246.660000,4,0,NO,"""4096;4096""",INT32;INT32,ND;ND,"""4096""",BOOL,ND,N/A,0.0,0,0.0,0.0,0.0,0.0,0.0,0.0,0.0,0.0,0.0,0.0,0.0,1.727,11401,0.074,0.043,0.18,0.104,0.895,0.518,0.155,0.09,0.171,0.000
0,4294967295,64,2,NotEqual,NotEqual,dynamic,AI_VECTOR_CORE,1762194391177745.128	,1.840,2231.210000,2,0,NO,"""4096;4096""",INT8;INT8,ND;ND,"""4096""",BOOL,ND,N/A,0.0,0,0.0,0.0,0.0,0.0,0.0,0.0,0.0,0.0,0.0,0.0,0.0,1.339,4420,0.188,0.141,0.174,0.13,0.399,0.298,0.322,0.24,0.2,0.000
0,4294967295,65,2,NotEqual,NotEqual,dynamic,AI_VECTOR_CORE,1762194391180023.568	,1.940,2276.410000,2,0,NO,"""4096;4096""",UINT8;UINT8,ND;ND,"""4096""",BOOL,ND,N/A,0.0,0,0.0,0.0,0.0,0.0,0.0,0.0,0.0,0.0,0.0,0.0,0.0,1.397,4610,0.188,0.135,0.347,0.248,0.263,0.188,0.309,0.221,0.188,0.000
0,4294967295,66,2,NotEqual,NotEqual,dynamic,AI_VECTOR_CORE,1762194391182175.428	,1.800,2150.060000,2,0,NO,"""4096;4096""",BOOL;BOOL,ND;ND,"""4096""",BOOL,ND,N/A,0.0,0,0.0,0.0,0.0,0.0,0.0,0.0,0.0,0.0,0.0,0.0,0.0,1.241,4095,0.188,0.152,0.198,0.16,0.267,0.215,0.297,0.239,0.188,0.000
0,4294967295,67,2,NotEqual,NotEqual,dynamic,AI_VECTOR_CORE,1762194391184402.148	,2.200,2224.950000,4,0,NO,"""4096;4096""",DT_BF16;DT_BF16,ND;ND,"""4096""",BOOL,ND,N/A,0.0,0,0.0,0.0,0.0,0.0,0.0,0.0,0.0,0.0,0.0,0.0,0.0,1.55,10231,0.332,0.214,0.203,0.131,0.352,0.227,0.197,0.127,0.176,0.000
0,4294967295,68,2,NotEqual,NotEqual,dynamic,AI_VECTOR_CORE,1762194391186594.948	,2.180,2190.550000,4,0,NO,"""8192;8192""",FLOAT16;FLOAT16,ND;ND,"""8192""",BOOL,ND,N/A,0.0,0,0.0,0.0,0.0,0.0,0.0,0.0,0.0,0.0,0.0,0.0,0.0,1.304,8604,0.12,0.092,0.196,0.15,0.433,0.332,0.129,0.099,0.184,0.000
0,4294967295,69,2,NotEqual,NotEqual,dynamic,AI_VECTOR_CORE,1762194391188798.908	,3.120,2201.820000,8,0,NO,"""8192;8192""",FLOAT;FLOAT,ND;ND,"""8192""",BOOL,ND,N/A,0.0,0,0.0,0.0,0.0,0.0,0.0,0.0,0.0,0.0,0.0,0.0,0.0,1.865,24622,0.291,0.156,0.198,0.106,0.46,0.247,0.121,0.065,0.195,0.000
0,4294967295,70,2,NotEqual,NotEqual,dynamic,AI_VECTOR_CORE,1762194391191028.988	,2.840,2226.880000,8,0,NO,"""8192;8192""",INT32;INT32,ND;ND,"""8192""",BOOL,ND,N/A,0.0,0,0.0,0.0,0.0,0.0,0.0,0.0,0.0,0.0,0.0,0.0,0.0,1.656,21858,0.074,0.045,0.158,0.096,0.421,0.254,0.123,0.074,0.171,0.000
0,4294967295,71,2,NotEqual,NotEqual,dynamic,AI_VECTOR_CORE,1762194391193212.188	,2.080,2180.410000,4,0,NO,"""8192;8192""",INT8;INT8,ND;ND,"""8192""",BOOL,ND,N/A,0.0,0,0.0,0.0,0.0,0.0,0.0,0.0,0.0,0.0,0.0,0.0,0.0,1.332,8791,0.188,0.142,0.153,0.115,0.298,0.224,0.178,0.134,0.206,0.000
0,4294967295,72,2,NotEqual,NotEqual,dynamic,AI_VECTOR_CORE,1762194391195361.028	,2.120,2146.670000,4,0,NO,"""8192;8192""",UINT8;UINT8,ND;ND,"""8192""",BOOL,ND,N/A,0.0,0,0.0,0.0,0.0,0.0,0.0,0.0,0.0,0.0,0.0,0.0,0.0,1.347,8891,0.188,0.14,0.163,0.121,0.358,0.265,0.198,0.147,0.194,0.000
0,4294967295,73,2,NotEqual,NotEqual,dynamic,AI_VECTOR_CORE,1762194391197594.608	,1.940,2231.380000,4,0,NO,"""8192;8192""",BOOL;BOOL,ND;ND,"""8192""",BOOL,ND,N/A,0.0,0,0.0,0.0,0.0,0.0,0.0,0.0,0.0,0.0,0.0,0.0,0.0,1.259,8311,0.188,0.15,0.147,0.117,0.345,0.274,0.139,0.11,0.206,0.000
0,4294967295,74,2,NotEqual,NotEqual,dynamic,AI_VECTOR_CORE,1762194391199807.968	,2.960,2211.560000,8,0,NO,"""8192;8192""",DT_BF16;DT_BF16,ND;ND,"""8192""",BOOL,ND,N/A,0.0,0,0.0,0.0,0.0,0.0,0.0,0.0,0.0,0.0,0.0,0.0,0.0,1.877,24770,0.332,0.177,0.198,0.105,0.43,0.229,0.126,0.067,0.184,0.000
0,4294967295,75,2,NotEqual,NotEqual,dynamic,AI_VECTOR_CORE,1762194391202052.328	,2.840,2241.290000,8,0,NO,"""16384;16384""",FLOAT16;FLOAT16,ND;ND,"""16384""",BOOL,ND,N/A,0.0,0,0.0,0.0,0.0,0.0,0.0,0.0,0.0,0.0,0.0,0.0,0.0,1.72,22702,0.12,0.07,0.172,0.1,0.41,0.238,0.211,0.123,0.186,0.000
0,4294967295,76,2,NotEqual,NotEqual,dynamic,AI_VECTOR_CORE,1762194391204398.788	,5.260,2343.660000,16,0,NO,"""16384;16384""",FLOAT;FLOAT,ND;ND,"""16384""",BOOL,ND,N/A,0.0,0,0.0,0.0,0.0,0.0,0.0,0.0,0.0,0.0,0.0,0.0,0.0,3.74,98734,0.292,0.078,0.409,0.109,1.245,0.333,0.434,0.116,0.178,0.000
0,4294967295,77,2,NotEqual,NotEqual,dynamic,AI_VECTOR_CORE,1762194391206723.288	,4.500,2319.240000,16,0,NO,"""16384;16384""",INT32;INT32,ND;ND,"""16384""",BOOL,ND,N/A,0.0,0,0.0,0.0,0.0,0.0,0.0,0.0,0.0,0.0,0.0,0.0,0.0,2.688,70971,0.074,0.028,0.15,0.056,0.669,0.249,0.342,0.127,0.168,0.000
0,4294967295,78,2,NotEqual,NotEqual,dynamic,AI_VECTOR_CORE,1762194391208917.088	,2.680,2189.250000,8,0,NO,"""16384;16384""",INT8;INT8,ND;ND,"""16384""",BOOL,ND,N/A,0.0,0,0.0,0.0,0.0,0.0,0.0,0.0,0.0,0.0,0.0,0.0,0.0,1.636,21592,0.188,0.115,0.159,0.097,0.372,0.227,0.156,0.095,0.206,0.000
0,4294967295,79,2,NotEqual,NotEqual,dynamic,AI_VECTOR_CORE,1762194391211119.308	,2.800,2199.570000,8,0,NO,"""16384;16384""",UINT8;UINT8,ND;ND,"""16384""",BOOL,ND,N/A,0.0,0,0.0,0.0,0.0,0.0,0.0,0.0,0.0,0.0,0.0,0.0,0.0,1.581,20870,0.188,0.119,0.167,0.106,0.304,0.192,0.154,0.098,0.206,0.000
0,4294967295,80,2,NotEqual,NotEqual,dynamic,AI_VECTOR_CORE,1762194391213576.768	,3.000,2454.700000,8,0,NO,"""16384;16384""",BOOL;BOOL,ND;ND,"""16384""",BOOL,ND,N/A,0.0,0,0.0,0.0,0.0,0.0,0.0,0.0,0.0,0.0,0.0,0.0,0.0,1.842,24320,0.188,0.102,0.136,0.074,0.397,0.215,0.19,0.103,0.205,0.000
0,4294967295,81,2,NotEqual,NotEqual,dynamic,AI_VECTOR_CORE,1762194391215865.928	,4.640,2286.250000,16,0,NO,"""16384;16384""",DT_BF16;DT_BF16,ND;ND,"""16384""",BOOL,ND,N/A,0.0,0,0.0,0.0,0.0,0.0,0.0,0.0,0.0,0.0,0.0,0.0,0.0,2.837,74893,0.333,0.117,0.187,0.066,0.453,0.16,0.244,0.086,0.177,0.000
0,4294967295,82,2,NotEqual,NotEqual,dynamic,AI_VECTOR_CORE,1762194391218185.228	,4.120,2314.610000,16,0,NO,"""32767;32767""",FLOAT16;FLOAT16,ND;ND,"""32767""",BOOL,ND,N/A,0.0,0,0.0,0.0,0.0,0.0,0.0,0.0,0.0,0.0,0.0,0.0,0.0,2.498,65943,0.122,0.049,0.176,0.07,0.542,0.217,0.214,0.086,0.237,0.000
0,4294967295,83,2,NotEqual,NotEqual,dynamic,AI_VECTOR_CORE,1762194391220635.108	,6.580,2445.630000,32,0,NO,"""32767;32767""",FLOAT;FLOAT,ND;ND,"""32767""",BOOL,ND,N/A,0.0,0,0.0,0.0,0.0,0.0,0.0,0.0,0.0,0.0,0.0,0.0,0.0,4.398,232211,0.297,0.067,0.214,0.049,1.046,0.238,0.308,0.07,0.105,0.000
0,4294967295,84,2,NotEqual,NotEqual,dynamic,AI_VECTOR_CORE,1762194391223116.608	,8.400,2474.920000,32,0,NO,"""32767;32767""",INT32;INT32,ND;ND,"""32767""",BOOL,ND,N/A,0.0,0,0.0,0.0,0.0,0.0,0.0,0.0,0.0,0.0,0.0,0.0,0.0,4.913,259423,0.076,0.016,0.153,0.031,1.048,0.213,0.258,0.052,0.228,0.000
0,4294967295,85,2,NotEqual,NotEqual,dynamic,AI_VECTOR_CORE,1762194391225464.508	,4.400,2339.600000,16,0,NO,"""32767;32767""",INT8;INT8,ND;ND,"""32767""",BOOL,ND,N/A,0.0,0,0.0,0.0,0.0,0.0,0.0,0.0,0.0,0.0,0.0,0.0,0.0,2.492,65778,0.189,0.076,0.157,0.063,0.348,0.14,0.159,0.064,0.184,0.000
0,4294967295,86,2,NotEqual,NotEqual,dynamic,AI_VECTOR_CORE,1762194391227831.568	,4.080,2362.600000,16,0,NO,"""32767;32767""",UINT8;UINT8,ND;ND,"""32767""",BOOL,ND,N/A,0.0,0,0.0,0.0,0.0,0.0,0.0,0.0,0.0,0.0,0.0,0.0,0.0,2.483,65538,0.189,0.076,0.134,0.054,0.446,0.18,0.199,0.08,0.191,0.000
0,4294967295,87,2,NotEqual,NotEqual,dynamic,AI_VECTOR_CORE,1762194391230365.668	,4.240,2530.170000,16,0,NO,"""32767;32767""",BOOL;BOOL,ND;ND,"""32767""",BOOL,ND,N/A,0.0,0,0.0,0.0,0.0,0.0,0.0,0.0,0.0,0.0,0.0,0.0,0.0,2.306,60881,0.189,0.082,0.15,0.065,0.363,0.158,0.176,0.076,0.178,0.000
0,4294967295,88,2,NotEqual,NotEqual,dynamic,AI_VECTOR_CORE,1762194391232774.168	,6.420,2404.260000,32,0,NO,"""32767;32767""",DT_BF16;DT_BF16,ND;ND,"""32767""",BOOL,ND,N/A,0.0,0,0.0,0.0,0.0,0.0,0.0,0.0,0.0,0.0,0.0,0.0,0.0,3.997,211028,0.334,0.084,0.221,0.055,0.656,0.164,0.35,0.088,0.126,0.000
0,4294967295,89,2,NotEqual,NotEqual,dynamic,AI_VECTOR_CORE,1762194391235263.568	,6.300,2482.830000,32,0,NO,"""65536;65536""",FLOAT16;FLOAT16,ND;ND,"""65536""",BOOL,ND,N/A,0.0,0,0.0,0.0,0.0,0.0,0.0,0.0,0.0,0.0,0.0,0.0,0.0,3.823,201873,0.12,0.031,0.155,0.04,0.773,0.202,0.391,0.102,0.179,0.000
0,4294967295,90,2,NotEqual,NotEqual,dynamic,AI_VECTOR_CORE,1762194391238066.948	,9.520,2797.200000,40,0,NO,"""65536;65536""",FLOAT;FLOAT,ND;ND,"""65536""",BOOL,ND,N/A,0.0,0,0.0,0.0,0.0,0.0,0.0,0.0,0.0,0.0,0.0,0.0,0.0,6.862,452874,0.434,0.063,0.25,0.036,2.921,0.426,0.884,0.129,0.082,0.000
0,4294967295,91,2,NotEqual,NotEqual,dynamic,AI_VECTOR_CORE,1762194391240933.988	,8.800,2857.480000,40,0,NO,"""65536;65536""",INT32;INT32,ND;ND,"""65536""",BOOL,ND,N/A,0.0,0,0.0,0.0,0.0,0.0,0.0,0.0,0.0,0.0,0.0,0.0,0.0,5.554,366544,0.091,0.016,0.157,0.028,1.718,0.309,0.36,0.065,0.23,0.000
0,4294967295,92,2,NotEqual,NotEqual,dynamic,AI_VECTOR_CORE,1762194391243497.888	,5.560,2555.200000,32,0,NO,"""65536;65536""",INT8;INT8,ND;ND,"""65536""",BOOL,ND,N/A,0.0,0,0.0,0.0,0.0,0.0,0.0,0.0,0.0,0.0,0.0,0.0,0.0,3.273,172800,0.188,0.058,0.145,0.044,0.632,0.193,0.258,0.079,0.204,0.000
0,4294967295,93,2,NotEqual,NotEqual,dynamic,AI_VECTOR_CORE,1762194391245948.368	,5.680,2444.690000,32,0,NO,"""65536;65536""",UINT8;UINT8,ND;ND,"""65536""",BOOL,ND,N/A,0.0,0,0.0,0.0,0.0,0.0,0.0,0.0,0.0,0.0,0.0,0.0,0.0,3.33,175831,0.188,0.057,0.146,0.044,0.548,0.165,0.288,0.086,0.198,0.000
0,4294967295,94,2,NotEqual,NotEqual,dynamic,AI_VECTOR_CORE,1762194391248444.328	,5.960,2490.320000,32,0,NO,"""65536;65536""",BOOL;BOOL,ND;ND,"""65536""",BOOL,ND,N/A,0.0,0,0.0,0.0,0.0,0.0,0.0,0.0,0.0,0.0,0.0,0.0,0.0,3.564,188193,0.188,0.053,0.138,0.039,0.609,0.171,0.263,0.074,0.198,0.000
0,4294967295,95,2,NotEqual,NotEqual,dynamic,AI_VECTOR_CORE,1762194391250998.908	,8.260,2548.790000,40,0,NO,"""65536;65536""",DT_BF16;DT_BF16,ND;ND,"""65536""",BOOL,ND,N/A,0.0,0,0.0,0.0,0.0,0.0,0.0,0.0,0.0,0.0,0.0,0.0,0.0,5.498,362884,0.49,0.089,0.253,0.046,1.189,0.216,0.438,0.08,0.062,0.000
0,4294967295,96,2,NotEqual,NotEqual,dynamic,AI_VECTOR_CORE,1762194391252421.548	,9.460,1414.240000,40,0,NO,"""131072;131072""",FLOAT16;FLOAT16,ND;ND,"""131072""",BOOL,ND,N/A,0.0,0,0.0,0.0,0.0,0.0,0.0,0.0,0.0,0.0,0.0,0.0,0.0,5.792,382255,0.159,0.027,0.164,0.028,2.318,0.4,0.937,0.162,0.223,0.000
0,4294967295,97,2,NotEqual,NotEqual,dynamic,AI_VECTOR_CORE,1762194391254741.148	,11.080,2310.290000,40,0,NO,"""131072;131072""",FLOAT;FLOAT,ND;ND,"""131072""",BOOL,ND,N/A,0.0,0,0.0,0.0,0.0,0.0,0.0,0.0,0.0,0.0,0.0,0.0,0.0,8.148,537784,0.819,0.101,0.372,0.046,3.783,0.464,0.535,0.066,0.05,0.000
0,4294967295,98,2,NotEqual,NotEqual,dynamic,AI_VECTOR_CORE,1762194391256940.728	,10.460,2188.420000,40,0,NO,"""131072;131072""",INT32;INT32,ND;ND,"""131072""",BOOL,ND,N/A,0.0,0,0.0,0.0,0.0,0.0,0.0,0.0,0.0,0.0,0.0,0.0,0.0,7.34,484423,0.124,0.017,0.159,0.022,2.998,0.409,0.637,0.087,0.229,0.000
0,4294967295,99,2,NotEqual,NotEqual,dynamic,AI_VECTOR_CORE,1762194391258222.448	,6.720,1271.290000,40,0,NO,"""131072;131072""",INT8;INT8,ND;ND,"""131072""",BOOL,ND,N/A,0.0,0,0.0,0.0,0.0,0.0,0.0,0.0,0.0,0.0,0.0,0.0,0.0,4.295,283485,0.25,0.058,0.143,0.033,1.116,0.26,0.567,0.132,0.186,0.000
0,4294967295,100,2,NotEqual,NotEqual,dynamic,AI_VECTOR_CORE,1762194391259497.468	,7.140,1268.280000,40,0,NO,"""131072;131072""",UINT8;UINT8,ND;ND,"""131072""",BOOL,ND,N/A,0.0,0,0.0,0.0,0.0,0.0,0.0,0.0,0.0,0.0,0.0,0.0,0.0,4.802,316915,0.25,0.052,0.143,0.03,1.341,0.279,0.35,0.073,0.19,0.000
0,4294967295,101,2,NotEqual,NotEqual,dynamic,AI_VECTOR_CORE,1762194391260785.548	,6.820,1280.860000,40,0,NO,"""131072;131072""",BOOL;BOOL,ND;ND,"""131072""",BOOL,ND,N/A,0.0,0,0.0,0.0,0.0,0.0,0.0,0.0,0.0,0.0,0.0,0.0,0.0,5.004,330254,0.25,0.05,0.142,0.028,1.244,0.249,0.758,0.151,0.188,0.000
0,4294967295,102,2,NotEqual,NotEqual,dynamic,AI_VECTOR_CORE,1762194391262278.128	,10.680,1485.930000,40,0,NO,"""131072;131072""",DT_BF16;DT_BF16,ND;ND,"""131072""",BOOL,ND,N/A,0.0,0,0.0,0.0,0.0,0.0,0.0,0.0,0.0,0.0,0.0,0.0,0.0,7.335,484089,0.914,0.125,0.384,0.052,2.114,0.288,0.612,0.083,0.051,0.000
0,4294967295,103,2,NotEqual,NotEqual,dynamic,AI_VECTOR_CORE,1762194391266093.028	,8.320,3804.070000,40,0,NO,"""262144;262144""",FLOAT16;FLOAT16,ND;ND,"""262144""",BOOL,ND,N/A,0.0,0,0.0,0.0,0.0,0.0,0.0,0.0,0.0,0.0,0.0,0.0,0.0,6.557,432769,0.258,0.039,0.165,0.025,2.429,0.37,0.743,0.113,0.227,0.000
0,4294967295,104,2,NotEqual,NotEqual,dynamic,AI_VECTOR_CORE,1762194391270920.268	,13.320,4818.930000,40,0,NO,"""262144;262144""",FLOAT;FLOAT,ND;ND,"""262144""",BOOL,ND,N/A,0.0,0,0.0,0.0,0.0,0.0,0.0,0.0,0.0,0.0,0.0,0.0,0.0,10.327,681610,1.589,0.154,0.622,0.06,3.443,0.333,0.849,0.082,0.03,0.000
0,4294967295,105,2,NotEqual,NotEqual,dynamic,AI_VECTOR_CORE,1762194391275666.448	,13.320,4732.930000,40,0,NO,"""262144;262144""",INT32;INT32,ND;ND,"""262144""",BOOL,ND,N/A,0.0,0,0.0,0.0,0.0,0.0,0.0,0.0,0.0,0.0,0.0,0.0,0.0,9.554,630550,0.197,0.021,0.222,0.023,3.769,0.394,0.986,0.103,0.232,0.000
0,4294967295,106,2,NotEqual,NotEqual,dynamic,AI_VECTOR_CORE,1762194391278831.748	,8.700,3151.930000,40,0,NO,"""262144;262144""",INT8;INT8,ND;ND,"""262144""",BOOL,ND,N/A,0.0,0,0.0,0.0,0.0,0.0,0.0,0.0,0.0,0.0,0.0,0.0,0.0,5.846,385840,0.408,0.07,0.143,0.024,1.585,0.271,0.236,0.04,0.194,0.000
0,4294967295,107,2,NotEqual,NotEqual,dynamic,AI_VECTOR_CORE,1762194391281881.268	,7.880,3040.800000,40,0,NO,"""262144;262144""",UINT8;UINT8,ND;ND,"""262144""",BOOL,ND,N/A,0.0,0,0.0,0.0,0.0,0.0,0.0,0.0,0.0,0.0,0.0,0.0,0.0,5.608,370111,0.408,0.073,0.145,0.026,1.69,0.301,0.311,0.055,0.192,0.000
0,4294967295,108,2,NotEqual,NotEqual,dynamic,AI_VECTOR_CORE,1762194391284905.288	,7.720,3016.120000,40,0,NO,"""262144;262144""",BOOL;BOOL,ND;ND,"""262144""",BOOL,ND,N/A,0.0,0,0.0,0.0,0.0,0.0,0.0,0.0,0.0,0.0,0.0,0.0,0.0,5.306,350171,0.408,0.077,0.149,0.028,1.749,0.33,0.229,0.043,0.194,0.000
0,4294967295,109,2,NotEqual,NotEqual,dynamic,AI_VECTOR_CORE,1762194391288900.048	,14.320,3987.030000,40,0,NO,"""262144;262144""",DT_BF16;DT_BF16,ND;ND,"""262144""",BOOL,ND,N/A,0.0,0,0.0,0.0,0.0,0.0,0.0,0.0,0.0,0.0,0.0,0.0,0.0,11.122,734035,1.76,0.158,0.632,0.057,2.91,0.262,1.117,0.1,0.032,0.000
0,4294967295,110,2,NotEqual,NotEqual,dynamic,AI_VECTOR_CORE,1762194391293567.228	,9.620,4652.930000,40,0,NO,"""524288;524288""",FLOAT16;FLOAT16,ND;ND,"""524288""",BOOL,ND,N/A,0.0,0,0.0,0.0,0.0,0.0,0.0,0.0,0.0,0.0,0.0,0.0,0.0,8.05,531287,0.46,0.057,0.17,0.021,3.778,0.469,0.466,0.058,0.225,0.000
0,4294967295,111,2,NotEqual,NotEqual,dynamic,AI_VECTOR_CORE,1762194391300669.828	,13.660,7092.880000,40,0,NO,"""524288;524288""",FLOAT;FLOAT,ND;ND,"""524288""",BOOL,ND,N/A,0.0,0,0.0,0.0,0.0,0.0,0.0,0.0,0.0,0.0,0.0,0.0,0.0,11.5,758969,3.212,0.279,1.59,0.138,6.223,0.541,1.439,0.125,0.016,0.000
0,4294967295,112,2,NotEqual,NotEqual,dynamic,AI_VECTOR_CORE,1762194391307918.948	,11.500,7235.590000,40,0,NO,"""524288;524288""",INT32;INT32,ND;ND,"""524288""",BOOL,ND,N/A,0.0,0,0.0,0.0,0.0,0.0,0.0,0.0,0.0,0.0,0.0,0.0,0.0,9.688,639426,0.41,0.042,0.205,0.021,6.483,0.669,1.63,0.168,0.175,0.000
0,4294967295,113,2,NotEqual,NotEqual,dynamic,AI_VECTOR_CORE,1762194391312339.928	,11.340,4409.500000,40,0,NO,"""524288;524288""",INT8;INT8,ND;ND,"""524288""",BOOL,ND,N/A,0.0,0,0.0,0.0,0.0,0.0,0.0,0.0,0.0,0.0,0.0,0.0,0.0,9.096,600305,0.706,0.078,0.145,0.016,2.916,0.321,2.383,0.262,0.188,0.000
0,4294967295,114,2,NotEqual,NotEqual,dynamic,AI_VECTOR_CORE,1762194391316532.928	,8.220,4181.660000,40,0,NO,"""524288;524288""",UINT8;UINT8,ND;ND,"""524288""",BOOL,ND,N/A,0.0,0,0.0,0.0,0.0,0.0,0.0,0.0,0.0,0.0,0.0,0.0,0.0,6.413,423262,0.706,0.11,0.147,0.023,2.462,0.384,0.211,0.033,0.184,0.000
0,4294967295,115,2,NotEqual,NotEqual,dynamic,AI_VECTOR_CORE,1762194391320822.608	,8.480,4281.280000,40,0,NO,"""524288;524288""",BOOL;BOOL,ND;ND,"""524288""",BOOL,ND,N/A,0.0,0,0.0,0.0,0.0,0.0,0.0,0.0,0.0,0.0,0.0,0.0,0.0,7.026,463727,0.706,0.1,2.221,0.316,1.028,0.146,0.187,0.027,0.168,0.000
0,4294967295,116,2,NotEqual,NotEqual,dynamic,AI_VECTOR_CORE,1762194391326077.548	,15.280,5246.520000,40,0,NO,"""524288;524288""",DT_BF16;DT_BF16,ND;ND,"""524288""",BOOL,ND,N/A,0.0,0,0.0,0.0,0.0,0.0,0.0,0.0,0.0,0.0,0.0,0.0,0.0,12.757,841988,3.588,0.281,1.791,0.14,4.31,0.338,1.553,0.122,0.019,0.000
0,4294967295,117,2,NotEqual,NotEqual,dynamic,AI_VECTOR_CORE,1762194391333435.228	,12.200,7342.470000,40,0,NO,"""1048577;1048577""",FLOAT16;FLOAT16,ND;ND,"""1048577""",BOOL,ND,N/A,0.0,0,0.0,0.0,0.0,0.0,0.0,0.0,0.0,0.0,0.0,0.0,0.0,10.208,673725,0.883,0.086,0.21,0.021,6.53,0.64,2.221,0.218,0.159,0.000
0,4294967295,118,2,NotEqual,NotEqual,dynamic,AI_VECTOR_CORE,1762194391345571.568	,21.840,12124.050000,40,0,NO,"""1048577;1048577""",FLOAT;FLOAT,ND;ND,"""1048577""",BOOL,ND,N/A,0.0,0,0.0,0.0,0.0,0.0,0.0,0.0,0.0,0.0,0.0,0.0,0.0,19.064,1258208,6.332,0.332,2.645,0.139,10.41,0.546,2.484,0.13,0.009,0.000
0,4294967295,119,2,NotEqual,NotEqual,dynamic,AI_VECTOR_CORE,1762194391356613.228	,20.680,11019.910000,40,0,NO,"""1048577;1048577""",INT32;INT32,ND;ND,"""1048577""",BOOL,ND,N/A,0.0,0,0.0,0.0,0.0,0.0,0.0,0.0,0.0,0.0,0.0,0.0,0.0,18.482,1219824,0.988,0.053,2.878,0.156,11.176,0.605,3.914,0.212,0.167,0.000
0,4294967295,120,2,NotEqual,NotEqual,dynamic,AI_VECTOR_CORE,1762194391362799.388	,10.880,6165.570000,40,0,NO,"""1048577;1048577""",INT8;INT8,ND;ND,"""1048577""",BOOL,ND,N/A,0.0,0,0.0,0.0,0.0,0.0,0.0,0.0,0.0,0.0,0.0,0.0,0.0,8.709,574817,1.45,0.166,0.156,0.018,4.132,0.474,1.407,0.162,0.198,0.000
0,4294967295,121,2,NotEqual,NotEqual,dynamic,AI_VECTOR_CORE,1762194391369064.828	,10.000,6254.370000,40,0,NO,"""1048577;1048577""",UINT8;UINT8,ND;ND,"""1048577""",BOOL,ND,N/A,0.0,0,0.0,0.0,0.0,0.0,0.0,0.0,0.0,0.0,0.0,0.0,0.0,7.851,518189,1.45,0.185,0.158,0.02,3.657,0.466,1.179,0.15,0.182,0.000
0,4294967295,122,2,NotEqual,NotEqual,dynamic,AI_VECTOR_CORE,1762194391375244.168	,10.020,6169.500000,40,0,NO,"""1048577;1048577""",BOOL;BOOL,ND;ND,"""1048577""",BOOL,ND,N/A,0.0,0,0.0,0.0,0.0,0.0,0.0,0.0,0.0,0.0,0.0,0.0,0.0,7.866,519126,1.45,0.184,0.158,0.02,3.691,0.469,1.003,0.128,0.196,0.000
0,4294967295,123,2,NotEqual,NotEqual,dynamic,AI_VECTOR_CORE,1762194391383453.828	,24.120,8199.480000,40,0,NO,"""1048577;1048577""",DT_BF16;DT_BF16,ND;ND,"""1048577""",BOOL,ND,N/A,0.0,0,0.0,0.0,0.0,0.0,0.0,0.0,0.0,0.0,0.0,0.0,0.0,20.362,1343882,7.184,0.353,3.225,0.158,6.844,0.336,2.84,0.139,0.012,0.000
0,4294967295,124,2,NotEqual,NotEqual,dynamic,AI_VECTOR_CORE,1762194391394976.908	,18.180,11499.130000,40,0,NO,"""2097152;2097152""",FLOAT16;FLOAT16,ND;ND,"""2097152""",BOOL,ND,N/A,0.0,0,0.0,0.0,0.0,0.0,0.0,0.0,0.0,0.0,0.0,0.0,0.0,16.412,1083159,2.106,0.128,0.809,0.049,11.466,0.699,3.136,0.191,0.08,0.000
0,4294967295,125,2,NotEqual,NotEqual,dynamic,AI_VECTOR_CORE,1762194391415388.968	,34.080,20393.820000,40,0,NO,"""2097152;2097152""",FLOAT;FLOAT,ND;ND,"""2097152""",BOOL,ND,N/A,0.0,0,0.0,0.0,0.0,0.0,0.0,0.0,0.0,0.0,0.0,0.0,0.0,31.895,2105058,12.722,0.399,5.269,0.165,18.921,0.593,3.286,0.103,0.007,0.000
0,4294967295,127,2,NotEqual,NotEqual,dynamic,AI_VECTOR_CORE,1762194391449664.008	,28.240,34240.920000,40,0,NO,"""2097152;2097152""",INT32;INT32,ND;ND,"""2097152""",BOOL,ND,N/A,0.0,0,0.0,0.0,0.0,0.0,0.0,0.0,0.0,0.0,0.0,0.0,0.0,25.819,1704027,1.888,0.073,0.552,0.021,20.574,0.797,6.676,0.259,0.085,0.000
0,4294967295,128,2,NotEqual,NotEqual,dynamic,AI_VECTOR_CORE,1762194391459461.508	,12.360,9769.260000,40,0,NO,"""2097152;2097152""",INT8;INT8,ND;ND,"""2097152""",BOOL,ND,N/A,0.0,0,0.0,0.0,0.0,0.0,0.0,0.0,0.0,0.0,0.0,0.0,0.0,10.449,689666,2.828,0.271,0.171,0.016,5.873,0.562,1.902,0.182,0.17,0.000
0,4294967295,129,2,NotEqual,NotEqual,dynamic,AI_VECTOR_CORE,1762194391471299.048	,12.120,11825.140000,40,0,NO,"""2097152;2097152""",UINT8;UINT8,ND;ND,"""2097152""",BOOL,ND,N/A,0.0,0,0.0,0.0,0.0,0.0,0.0,0.0,0.0,0.0,0.0,0.0,0.0,10.341,682518,2.828,0.273,0.179,0.017,5.912,0.572,1.865,0.18,0.171,0.000
0,4294967295,130,2,NotEqual,NotEqual,dynamic,AI_VECTOR_CORE,1762194391480315.768	,11.600,9004.630000,40,0,NO,"""2097152;2097152""",BOOL;BOOL,ND;ND,"""2097152""",BOOL,ND,N/A,0.0,0,0.0,0.0,0.0,0.0,0.0,0.0,0.0,0.0,0.0,0.0,0.0,9.784,645714,2.829,0.289,0.179,0.018,5.507,0.563,1.897,0.194,0.171,0.000
0,4294967295,131,2,NotEqual,NotEqual,dynamic,AI_VECTOR_CORE,1762194391495476.788	,30.940,15149.400000,40,0,NO,"""2097152;2097152""",DT_BF16;DT_BF16,ND;ND,"""2097152""",BOOL,ND,N/A,0.0,0,0.0,0.0,0.0,0.0,0.0,0.0,0.0,0.0,0.0,0.0,0.0,28.555,1884612,14.227,0.498,5.588,0.196,12.784,0.448,3.804,0.133,0.009,0.000
0,4294967295,132,2,NotEqual,NotEqual,dynamic,AI_VECTOR_CORE,1762194391514849.648	,29.400,19342.060000,40,0,NO,"""4194304;4194304""",FLOAT16;FLOAT16,ND;ND,"""4194304""",BOOL,ND,N/A,0.0,0,0.0,0.0,0.0,0.0,0.0,0.0,0.0,0.0,0.0,0.0,0.0,27.465,1812693,4.133,0.15,0.823,0.03,21.143,0.77,8.186,0.298,0.074,0.000
0,4294967295,133,2,NotEqual,NotEqual,dynamic,AI_VECTOR_CORE,1762194391552670.388	,53.080,37791.350000,40,0,NO,"""4194304;4194304""",FLOAT;FLOAT,ND;ND,"""4194304""",BOOL,ND,N/A,0.0,0,0.0,0.0,0.0,0.0,0.0,0.0,0.0,0.0,0.0,0.0,0.0,49.161,3244606,25.36,0.516,10.252,0.209,30.818,0.627,6.776,0.138,0.004,0.000
0,4294967295,135,2,NotEqual,NotEqual,dynamic,AI_VECTOR_CORE,1762194391612713.028	,51.620,59989.420000,40,0,NO,"""4194304;4194304""",INT32;INT32,ND;ND,"""4194304""",BOOL,ND,N/A,0.0,0,0.0,0.0,0.0,0.0,0.0,0.0,0.0,0.0,0.0,0.0,0.0,47.019,3103238,3.756,0.08,2.912,0.062,37.759,0.803,15.09,0.321,0.024,0.000
0,4294967295,136,2,NotEqual,NotEqual,dynamic,AI_VECTOR_CORE,1762194391630103.188	,17.860,17338.630000,40,0,NO,"""4194304;4194304""",INT8;INT8,ND;ND,"""4194304""",BOOL,ND,N/A,0.0,0,0.0,0.0,0.0,0.0,0.0,0.0,0.0,0.0,0.0,0.0,0.0,15.966,1053774,5.569,0.349,0.239,0.015,9.241,0.579,4.249,0.266,0.079,0.000
0,4294967295,137,2,NotEqual,NotEqual,dynamic,AI_VECTOR_CORE,1762194391647872.008	,18.280,17750.890000,40,0,NO,"""4194304;4194304""",UINT8;UINT8,ND;ND,"""4194304""",BOOL,ND,N/A,0.0,0,0.0,0.0,0.0,0.0,0.0,0.0,0.0,0.0,0.0,0.0,0.0,16.212,1070002,5.569,0.343,0.238,0.015,9.842,0.607,4.866,0.3,0.096,0.000
0,4294967295,138,2,NotEqual,NotEqual,dynamic,AI_VECTOR_CORE,1762194391663250.568	,18.140,15360.220000,40,0,NO,"""4194304;4194304""",BOOL;BOOL,ND;ND,"""4194304""",BOOL,ND,N/A,0.0,0,0.0,0.0,0.0,0.0,0.0,0.0,0.0,0.0,0.0,0.0,0.0,16.088,1061808,5.569,0.346,0.231,0.014,9.458,0.588,4.157,0.258,0.081,0.000
0,4294967295,139,2,NotEqual,NotEqual,dynamic,AI_VECTOR_CORE,1762194391687104.368	,48.280,23835.610000,40,0,NO,"""4194304;4194304""",DT_BF16;DT_BF16,ND;ND,"""4194304""",BOOL,ND,N/A,0.0,0,0.0,0.0,0.0,0.0,0.0,0.0,0.0,0.0,0.0,0.0,0.0,44.844,2959726,28.359,0.632,9.99,0.223,16.24,0.362,6.637,0.148,0.004,0.000
0,4294967295,141,2,NotEqual,NotEqual,dynamic,AI_VECTOR_CORE,1762194391723279.248	,51.500,36126.720000,40,0,NO,"""8388608;8388608""",FLOAT16;FLOAT16,ND;ND,"""8388608""",BOOL,ND,N/A,0.0,0,0.0,0.0,0.0,0.0,0.0,0.0,0.0,0.0,0.0,0.0,0.0,48.746,3217258,8.26,0.169,1.058,0.022,40.483,0.83,14.643,0.3,0.024,0.000
0,4294967295,142,2,NotEqual,NotEqual,dynamic,AI_VECTOR_CORE,1762194391804812.348	,100.260,81481.500000,40,0,NO,"""8388608;8388608""",FLOAT;FLOAT,ND;ND,"""8388608""",BOOL,ND,N/A,0.0,0,0.0,0.0,0.0,0.0,0.0,0.0,0.0,0.0,0.0,0.0,0.0,96.561,6373040,50.645,0.524,18.38,0.19,63.314,0.656,14.077,0.146,0.001,0.000
0,4294967295,144,2,NotEqual,NotEqual,dynamic,AI_VECTOR_CORE,1762194391936691.988	,94.400,131779.490000,40,0,NO,"""8388608;8388608""",INT32;INT32,ND;ND,"""8388608""",BOOL,ND,N/A,0.0,0,0.0,0.0,0.0,0.0,0.0,0.0,0.0,0.0,0.0,0.0,0.0,89.279,5892414,7.586,0.085,2.128,0.024,80.775,0.905,25.158,0.282,0.025,0.000
0,4294967295,146,2,NotEqual,NotEqual,dynamic,AI_VECTOR_CORE,1762194392019912.588	,29.600,83126.100000,40,0,NO,"""8388608;8388608""",INT8;INT8,ND;ND,"""8388608""",BOOL,ND,N/A,0.0,0,0.0,0.0,0.0,0.0,0.0,0.0,0.0,0.0,0.0,0.0,0.0,27.425,1810024,11.109,0.405,0.42,0.015,17.85,0.651,9.265,0.338,0.04,0.000
0,4294967295,147,2,NotEqual,NotEqual,dynamic,AI_VECTOR_CORE,1762194392048150.928	,29.300,28208.900000,40,0,NO,"""8388608;8388608""",UINT8;UINT8,ND;ND,"""8388608""",BOOL,ND,N/A,0.0,0,0.0,0.0,0.0,0.0,0.0,0.0,0.0,0.0,0.0,0.0,0.0,27.424,1810000,11.109,0.405,0.418,0.015,17.502,0.638,9.713,0.354,0.047,0.000
0,4294967295,148,2,NotEqual,NotEqual,dynamic,AI_VECTOR_CORE,1762194392076205.808	,28.380,28025.450000,40,0,NO,"""8388608;8388608""",BOOL;BOOL,ND;ND,"""8388608""",BOOL,ND,N/A,0.0,0,0.0,0.0,0.0,0.0,0.0,0.0,0.0,0.0,0.0,0.0,0.0,26.532,1751098,11.109,0.419,0.412,0.016,17.656,0.665,9.253,0.349,0.046,0.000
0,4294967295,149,2,NotEqual,NotEqual,dynamic,AI_VECTOR_CORE,1762194392118361.768	,74.660,42127.620000,40,0,NO,"""8388608;8388608""",DT_BF16;DT_BF16,ND;ND,"""8388608""",BOOL,ND,N/A,0.0,0,0.0,0.0,0.0,0.0,0.0,0.0,0.0,0.0,0.0,0.0,0.0,72.034,4754254,56.603,0.786,19.792,0.275,24.602,0.342,9.035,0.125,0.001,0.000
0,4294967295,151,2,NotEqual,NotEqual,dynamic,AI_VECTOR_CORE,1762194392190057.328	,94.900,71620.840000,40,0,NO,"""16777216;16777216""",FLOAT16;FLOAT16,ND;ND,"""16777216""",BOOL,ND,N/A,0.0,0,0.0,0.0,0.0,0.0,0.0,0.0,0.0,0.0,0.0,0.0,0.0,92.403,6098599,16.357,0.177,1.786,0.019,80.911,0.876,32.539,0.352,0.013,0.000
0,4294967295,153,2,NotEqual,NotEqual,dynamic,AI_VECTOR_CORE,1762194392388807.108	,215.060,198654.850000,40,0,NO,"""16777216;16777216""",FLOAT;FLOAT,ND;ND,"""16777216""",BOOL,ND,N/A,0.0,0,0.0,0.0,0.0,0.0,0.0,0.0,0.0,0.0,0.0,0.0,0.0,210.002,13860109,101.311,0.482,41.624,0.198,148.492,0.707,39.522,0.188,0.001,0.000
0,4294967295,155,2,NotEqual,NotEqual,dynamic,AI_VECTOR_CORE,1762194392654867.508	,217.940,265845.440000,40,0,NO,"""16777216;16777216""",INT32;INT32,ND;ND,"""16777216""",BOOL,ND,N/A,0.0,0,0.0,0.0,0.0,0.0,0.0,0.0,0.0,0.0,0.0,0.0,0.0,213.267,14075634,15.151,0.071,6.572,0.031,201.143,0.943,71.463,0.335,0.007,0.000
0,4294967295,157,2,NotEqual,NotEqual,dynamic,AI_VECTOR_CORE,1762194392832452.708	,55.260,177367.310000,40,0,NO,"""16777216;16777216""",INT8;INT8,ND;ND,"""16777216""",BOOL,ND,N/A,0.0,0,0.0,0.0,0.0,0.0,0.0,0.0,0.0,0.0,0.0,0.0,0.0,49.198,3247060,22.136,0.45,1.314,0.027,30.716,0.624,20.394,0.415,0.025,0.000
0,4294967295,158,2,NotEqual,NotEqual,dynamic,AI_VECTOR_CORE,1762194392908665.928	,53.960,76157.990000,40,0,NO,"""16777216;16777216""",UINT8;UINT8,ND;ND,"""16777216""",BOOL,ND,N/A,0.0,0,0.0,0.0,0.0,0.0,0.0,0.0,0.0,0.0,0.0,0.0,0.0,48.701,3214258,22.136,0.455,1.903,0.039,30.135,0.619,19.75,0.406,0.024,0.000
0,4294967295,160,2,NotEqual,NotEqual,dynamic,AI_VECTOR_CORE,1762194392978568.028	,54.580,69848.040000,40,0,NO,"""16777216;16777216""",BOOL;BOOL,ND;ND,"""16777216""",BOOL,ND,N/A,0.0,0,0.0,0.0,0.0,0.0,0.0,0.0,0.0,0.0,0.0,0.0,0.0,49.228,3249028,22.136,0.45,1.243,0.025,30.715,0.624,20.176,0.41,0.024,0.000
0,4294967295,161,2,NotEqual,NotEqual,dynamic,AI_VECTOR_CORE,1762194393076879.348	,144.180,98256.670000,40,0,NO,"""16777216;16777216""",DT_BF16;DT_BF16,ND;ND,"""16777216""",BOOL,ND,N/A,0.0,0,0.0,0.0,0.0,0.0,0.0,0.0,0.0,0.0,0.0,0.0,0.0,139.624,9215155,113.263,0.811,40.233,0.288,47.73,0.342,21.299,0.153,0.001,0.000
0,4294967295,163,2,NotEqual,NotEqual,dynamic,AI_VECTOR_CORE,1762194393272623.148	,223.120,195599.820000,40,0,NO,"""33554432;33554432""",FLOAT16;FLOAT16,ND;ND,"""33554432""",BOOL,ND,N/A,0.0,0,0.0,0.0,0.0,0.0,0.0,0.0,0.0,0.0,0.0,0.0,0.0,219.877,14511884,32.546,0.148,2.649,0.012,199.659,0.908,74.502,0.339,0.013,0.000
0,4294967295,165,2,NotEqual,NotEqual,dynamic,AI_VECTOR_CORE,1762194393695475.828	,502.260,422629.380000,40,0,NO,"""33554432;33554432""",FLOAT;FLOAT,ND;ND,"""33554432""",BOOL,ND,N/A,0.0,0,0.0,0.0,0.0,0.0,0.0,0.0,0.0,0.0,0.0,0.0,0.0,492.75,32521501,202.797,0.412,85.236,0.173,371.737,0.754,72.691,0.148,0.0,0.000
0,4294967295,167,2,NotEqual,NotEqual,dynamic,AI_VECTOR_CORE,1762194394232182.788	,467.060,536204.740000,40,0,NO,"""33554432;33554432""",INT32;INT32,ND;ND,"""33554432""",BOOL,ND,N/A,0.0,0,0.0,0.0,0.0,0.0,0.0,0.0,0.0,0.0,0.0,0.0,0.0,463.046,30561067,30.292,0.065,6.532,0.014,443.325,0.957,180.849,0.391,0.003,0.000
0,4294967295,169,2,NotEqual,NotEqual,dynamic,AI_VECTOR_CORE,1762194394602418.568	,102.040,369768.690000,40,0,NO,"""33554432;33554432""",INT8;INT8,ND;ND,"""33554432""",BOOL,ND,N/A,0.0,0,0.0,0.0,0.0,0.0,0.0,0.0,0.0,0.0,0.0,0.0,0.0,94.904,6263691,44.155,0.465,1.235,0.013,68.779,0.725,46.232,0.487,0.014,0.000
0,4294967295,171,2,NotEqual,NotEqual,dynamic,AI_VECTOR_CORE,1762194394794410.048	,102.440,191889.460000,40,0,NO,"""33554432;33554432""",UINT8;UINT8,ND;ND,"""33554432""",BOOL,ND,N/A,0.0,0,0.0,0.0,0.0,0.0,0.0,0.0,0.0,0.0,0.0,0.0,0.0,97.47,6433043,44.155,0.453,1.388,0.014,66.255,0.68,45.665,0.469,0.014,0.000
0,4294967295,173,2,NotEqual,NotEqual,dynamic,AI_VECTOR_CORE,1762194394981757.528	,100.340,187245.060000,40,0,NO,"""33554432;33554432""",BOOL;BOOL,ND;ND,"""33554432""",BOOL,ND,N/A,0.0,0,0.0,0.0,0.0,0.0,0.0,0.0,0.0,0.0,0.0,0.0,0.0,94.895,6263073,44.155,0.465,1.329,0.014,66.495,0.701,44.892,0.473,0.014,0.000
0,4294967295,175,2,NotEqual,NotEqual,dynamic,AI_VECTOR_CORE,1762194395227625.648	,343.980,245767.910000,40,0,NO,"""33554432;33554432""",DT_BF16;DT_BF16,ND;ND,"""33554432""",BOOL,ND,N/A,0.0,0,0.0,0.0,0.0,0.0,0.0,0.0,0.0,0.0,0.0,0.0,0.0,338.267,22325651,226.703,0.67,88.356,0.261,176.956,0.523,42.443,0.125,0.0,0.000
0,4294967295,177,2,NotEqual,NotEqual,dynamic,AI_VECTOR_CORE,1762194395649293.148	,533.540,421323.520000,40,0,NO,"""67108864;67108864""",FLOAT16;FLOAT16,ND;ND,"""67108864""",BOOL,ND,N/A,0.0,0,0.0,0.0,0.0,0.0,0.0,0.0,0.0,0.0,0.0,0.0,0.0,529.748,34963392,65.013,0.123,4.404,0.008,494.883,0.934,204.744,0.386,0.007,0.000
0,4294967295,179,2,NotEqual,NotEqual,dynamic,AI_VECTOR_CORE,1762194396467072.328	,926.140,817245.460000,40,0,NO,"""67108864;67108864""",FLOAT;FLOAT,ND;ND,"""67108864""",BOOL,ND,N/A,0.0,0,0.0,0.0,0.0,0.0,0.0,0.0,0.0,0.0,0.0,0.0,0.0,921.113,60793455,405.155,0.44,158.154,0.172,696.893,0.757,228.458,0.248,0.0,0.000
0,4294967295,181,2,NotEqual,NotEqual,dynamic,AI_VECTOR_CORE,1762194397520444.648	,914.460,1052446.360000,40,0,NO,"""67108864;67108864""",INT32;INT32,ND;ND,"""67108864""",BOOL,ND,N/A,0.0,0,0.0,0.0,0.0,0.0,0.0,0.0,0.0,0.0,0.0,0.0,0.0,602.032,39734134,60.526,0.101,6.554,0.011,574.026,0.953,214.241,0.356,0.003,0.000
0,4294967295,183,2,NotEqual,NotEqual,dynamic,AI_VECTOR_CORE,1762194398248159.728	,263.080,726800.540000,40,0,NO,"""67108864;67108864""",INT8;INT8,ND;ND,"""67108864""",BOOL,ND,N/A,0.0,0,0.0,0.0,0.0,0.0,0.0,0.0,0.0,0.0,0.0,0.0,0.0,259.431,17122443,88.442,0.341,2.854,0.011,195.786,0.755,136.581,0.526,0.006,0.000
0,4294967295,185,2,NotEqual,NotEqual,dynamic,AI_VECTOR_CORE,1762194398629619.048	,263.740,381196.170000,40,0,NO,"""67108864;67108864""",UINT8;UINT8,ND;ND,"""67108864""",BOOL,ND,N/A,0.0,0,0.0,0.0,0.0,0.0,0.0,0.0,0.0,0.0,0.0,0.0,0.0,259.649,17136808,88.442,0.341,3.101,0.012,197.17,0.759,136.726,0.527,0.005,0.000
0,4294967295,187,2,NotEqual,NotEqual,dynamic,AI_VECTOR_CORE,1762194399013733.588	,269.020,383850.760000,40,0,NO,"""67108864;67108864""",BOOL;BOOL,ND;ND,"""67108864""",BOOL,ND,N/A,0.0,0,0.0,0.0,0.0,0.0,0.0,0.0,0.0,0.0,0.0,0.0,0.0,263.706,17404574,88.442,0.335,4.358,0.017,192.578,0.73,136.85,0.519,0.006,0.000
0,4294967295,189,2,NotEqual,NotEqual,dynamic,AI_VECTOR_CORE,1762194399501250.928	,597.800,487248.480000,40,0,NO,"""67108864;67108864""",DT_BF16;DT_BF16,ND;ND,"""67108864""",BOOL,ND,N/A,0.0,0,0.0,0.0,0.0,0.0,0.0,0.0,0.0,0.0,0.0,0.0,0.0,586.091,38682036,452.949,0.773,153.993,0.263,267.621,0.457,88.953,0.152,0.0,0.000
0,4294967295,191,2,NotEqual,NotEqual,dynamic,AI_VECTOR_CORE,1762194400330860.308	,1036.460,829011.450000,40,0,NO,"""134217728;134217728""",FLOAT16;FLOAT16,ND;ND,"""134217728""",BOOL,ND,N/A,0.0,0,0.0,0.0,0.0,0.0,0.0,0.0,0.0,0.0,0.0,0.0,0.0,1031.009,68046566,129.954,0.126,8.672,0.008,964.091,0.935,424.016,0.411,0.003,0.000
0,4294967295,193,2,NotEqual,NotEqual,dynamic,AI_VECTOR_CORE,1762194401985889.688	,1983.100,1653993.040000,40,0,NO,"""134217728;134217728""",FLOAT;FLOAT,ND;ND,"""134217728""",BOOL,ND,N/A,0.0,0,0.0,0.0,0.0,0.0,0.0,0.0,0.0,0.0,0.0,0.0,0.0,1667.562,110059121,811.062,0.486,322.036,0.193,1185.82,0.711,215.53,0.129,0.0,0.000
0,4294967295,195,2,NotEqual,NotEqual,dynamic,AI_VECTOR_CORE,1762194404065282.888	,1863.200,2077410.150000,40,0,NO,"""134217728;134217728""",INT32;INT32,ND;ND,"""134217728""",BOOL,ND,N/A,0.0,0,0.0,0.0,0.0,0.0,0.0,0.0,0.0,0.0,0.0,0.0,0.0,1551.295,102385446,121.037,0.078,19.236,0.012,1470.726,0.948,643.923,0.415,0.001,0.000
0,4294967295,197,2,NotEqual,NotEqual,dynamic,AI_VECTOR_CORE,1762194405494246.708	,600.180,1427100.550000,40,0,NO,"""134217728;134217728""",INT8;INT8,ND;ND,"""134217728""",BOOL,ND,N/A,0.0,0,0.0,0.0,0.0,0.0,0.0,0.0,0.0,0.0,0.0,0.0,0.0,294.812,19457582,176.868,0.6,4.698,0.016,186.403,0.632,137.285,0.466,0.003,0.000
0,4294967295,199,2,NotEqual,NotEqual,dynamic,AI_VECTOR_CORE,1762194406244303.348	,598.480,749456.320000,40,0,NO,"""134217728;134217728""",UINT8;UINT8,ND;ND,"""134217728""",BOOL,ND,N/A,0.0,0,0.0,0.0,0.0,0.0,0.0,0.0,0.0,0.0,0.0,0.0,0.0,591.607,39046035,176.868,0.299,7.361,0.012,444.278,0.751,309.62,0.523,0.003,0.000
0,4294967295,201,2,NotEqual,NotEqual,dynamic,AI_VECTOR_CORE,1762194406995667.908	,595.340,750766.270000,40,0,NO,"""134217728;134217728""",BOOL;BOOL,ND;ND,"""134217728""",BOOL,ND,N/A,0.0,0,0.0,0.0,0.0,0.0,0.0,0.0,0.0,0.0,0.0,0.0,0.0,591.152,39016046,176.868,0.299,4.999,0.008,444.969,0.753,309.403,0.523,0.003,0.000
0,4294967295,203,2,NotEqual,NotEqual,dynamic,AI_VECTOR_CORE,1762194407963809.388	,1292.200,967546.160000,40,0,NO,"""134217728;134217728""",DT_BF16;DT_BF16,ND;ND,"""134217728""",BOOL,ND,N/A,0.0,0,0.0,0.0,0.0,0.0,0.0,0.0,0.0,0.0,0.0,0.0,0.0,1279.989,84479283,906.65,0.708,348.358,0.272,656.613,0.513,172.237,0.135,0.0,0.000
0,4294967295,205,2,NotEqual,NotEqual,dynamic,AI_VECTOR_CORE,1762194409601169.788	,2122.560,1636068.050000,40,0,NO,"""268435456;268435456""",FLOAT16;FLOAT16,ND;ND,"""268435456""",BOOL,ND,N/A,0.0,0,0.0,0.0,0.0,0.0,0.0,0.0,0.0,0.0,0.0,0.0,0.0,1810.247,119476315,260.706,0.144,24.226,0.013,1680.059,0.928,764.092,0.422,0.001,0.000
0,4294967295,207,2,NotEqual,NotEqual,dynamic,AI_VECTOR_CORE,1762194412865506.348	,3925.880,3262213.940000,40,0,NO,"""268435456;268435456""",FLOAT;FLOAT,ND;ND,"""268435456""",BOOL,ND,N/A,0.0,0,0.0,0.0,0.0,0.0,0.0,0.0,0.0,0.0,0.0,0.0,0.0,3598.512,237501768,1612.894,0.448,628.344,0.175,2678.777,0.744,477.092,0.133,0.0,0.000
0,4294967295,209,2,NotEqual,NotEqual,dynamic,AI_VECTOR_CORE,1762194417036797.728	,3750.320,4167365.620000,40,0,NO,"""268435456;268435456""",INT32;INT32,ND;ND,"""268435456""",BOOL,ND,N/A,0.0,0,0.0,0.0,0.0,0.0,0.0,0.0,0.0,0.0,0.0,0.0,0.0,2786.952,183938812,242.063,0.087,36.113,0.013,2641.032,0.948,1102.44,0.396,0.0,0.000
0,4294967295,211,2,NotEqual,NotEqual,dynamic,AI_VECTOR_CORE,1762194419926867.408	,1257.900,2886319.430000,40,0,NO,"""268435456;268435456""",INT8;INT8,ND;ND,"""268435456""",BOOL,ND,N/A,0.0,0,0.0,0.0,0.0,0.0,0.0,0.0,0.0,0.0,0.0,0.0,0.0,945.615,62410590,353.722,0.374,8.945,0.009,671.148,0.71,482.806,0.511,0.001,0.000
0,4294967295,213,2,NotEqual,NotEqual,dynamic,AI_VECTOR_CORE,1762194421445654.148	,1252.340,1517528.850000,40,0,NO,"""268435456;268435456""",UINT8;UINT8,ND;ND,"""268435456""",BOOL,ND,N/A,0.0,0,0.0,0.0,0.0,0.0,0.0,0.0,0.0,0.0,0.0,0.0,0.0,940.384,62065349,353.722,0.376,8.959,0.01,687.246,0.731,484.762,0.515,0.001,0.000
0,4294967295,215,2,NotEqual,NotEqual,dynamic,AI_VECTOR_CORE,1762194422918756.268	,1254.360,1471849.660000,40,0,NO,"""268435456;268435456""",BOOL;BOOL,ND;ND,"""268435456""",BOOL,ND,N/A,0.0,0,0.0,0.0,0.0,0.0,0.0,0.0,0.0,0.0,0.0,0.0,0.0,939.618,62014797,353.722,0.376,9.007,0.01,676.86,0.72,479.737,0.511,0.001,0.000
0,4294967295,217,2,NotEqual,NotEqual,dynamic,AI_VECTOR_CORE,1762194424835869.948	,2838.400,1915859.390000,40,0,NO,"""268435456;268435456""",DT_BF16;DT_BF16,ND;ND,"""268435456""",BOOL,ND,N/A,0.0,0,0.0,0.0,0.0,0.0,0.0,0.0,0.0,0.0,0.0,0.0,0.0,2514.625,165965239,1812.261,0.721,697.923,0.278,1258.094,0.5,324.263,0.129,0.0,0.000
